[
    {
        "F_Name": "Ellen",
        "L_Name": "Ripley",
        "Student_ID": 45604,
        "Email": "eripley@gmail.com"
    },
    {
        "F_Name": "Arthur",
        "L_Name": "Dallas",
        "Student_ID": 45605,
        "Email": "adallas@gmail.com"
    },
    {
        "F_Name": "Joan",
        "L_Name": "Lambert",
        "Student_ID": 45714,
        "Email": "jlambert@gmail.com"
    },
    {
        "F_Name": "Thomas",
        "L_Name": "Kane",
        "Student_ID": 68554,
        "Email": "tkane@gmail.com"
    },
    {
        "F_Name": "Brandi",
        "L_Name": "Butler",
        "Student_ID": 99999,
        "Email": "bbutler@example.com"
    },
    {
        "F_Name": "Brandi",
        "L_Name": "Butler",
        "Student_ID": 99999,
        "Email": "bbutler@example.com"
    },
    {
        "F_Name": "Brandi",
        "L_Name": "Butler",
        "Student_ID": 99999,
        "Email": "bbutler@example.com"
    }
]